INSERT INTO dodavatel (jmeno_firmy)
VALUES ('BASF'),
       ('Dow Chemical Company'),
       ('DuPont'),
       ('Bayer'),
       ('ExxonMobil Chemical'),
       ('Pfizer'),
       ('SABIC'),
       ('Moderna'),
       ('Chevron Phillips Chemical'),
       ('Birla Carbon');

INSERT INTO pobocka (nazev)
VALUES ('Central warehouse'),
       ('Los Pollos Hermanos - Albuquerque'),
       ('Los Pollos Hermanos - Las Cruces'),
       ('Los Pollos Hermanos - Santa Fe'),
       ('Los Pollos Hermanos - Roswell'),
       ('Los Pollos Hermanos - Farmington');

INSERT INTO adresa (dodavatel_id, pobocka_id, stat, mesto, psc, ulice)
VALUES (1, NULL, 'Germany', 'Ludwigshafen', '67059', 'Carl-Bosch-Straße 38'),
       (2, NULL, 'USA', 'Midland', '48674', '2200 W Salzburg Rd'),
       (3, NULL, 'USA', 'Wilmington', '19880', '974 Centre Rd'),
       (4, NULL, 'Germany', 'Leverkusen', '51368', 'Kaiser-Wilhelm-Allee'),
       (5, NULL, 'USA', 'Houston', '77060', '13501 Katy Fwy'),
       (6, NULL, 'USA', 'New York', '10017', '235 E 42nd St'),
       (7, NULL, 'Saudi Arabia', 'Riyadh', '11421', 'SABIC Building, King Fahd Rd'),
       (8, NULL, 'USA', 'Cambridge', '02139', '500 Technology Square'),
       (9, NULL, 'USA', 'The Woodlands', '77381', '10001 Six Pines Dr'),
       (10, NULL, 'India', 'Mumbai', '400011', 'Marathon Futurex'),
       (NULL, 1, 'USA', 'Albuquerque', '87102', 'Cracked 38'),
       (NULL, 2, 'USA', 'Albuquerque', '87102', 'Fingerlicking good 19'),
       (NULL, 3, 'USA', 'Las Cruces', '87102', '2200 Parno Rd'),
       (NULL, 4, 'USA', 'Santa Fe', '87102', '974 Centre Rd'),
       (NULL, 5, 'USA', 'Roswell', '87102', 'Phet square'),
       (NULL, 6, 'USA', 'Farmington', '87102', '13501 Katy Fwy'),
       (NULL, NULL, 'USA', 'Albuquerque', '87102', '9800 Montgomery Blvd NE'),
       (NULL, NULL, 'USA', 'Albuquerque', '87102', '1606 Central Ave SW'),
       (NULL, NULL, 'USA', 'Albuquerque', '87104', '120 Gold Ave SW'),
       (NULL, NULL, 'USA', 'Albuquerque', '87105', '10301 Central Ave NE'),
       (NULL, NULL, 'USA', 'Albuquerque', '87106', '1502 San Pedro Dr NE'),
       (NULL, NULL, 'USA', 'Albuquerque', '87107', '5032 4th St NW'),
       (NULL, NULL, 'USA', 'Albuquerque', '87108', '300 Menaul Blvd NW'),
       (NULL, NULL, 'USA', 'Albuquerque', '87109', '5300 San Mateo Blvd NE'),
       (NULL, NULL, 'USA', 'Albuquerque', '87110', '5200 Eubank Blvd NE'),
       (NULL, NULL, 'USA', 'Albuquerque', '87111', '1100 Eubank Blvd NE'),
       (NULL, NULL, 'USA', 'Albuquerque', '87112', '10400 Academy Rd NE'),
       (NULL, NULL, 'USA', 'Albuquerque', '87113', '6300 San Mateo Blvd NE'),
       (NULL, NULL, 'USA', 'Albuquerque', '87114', '7001 San Antonio Dr NE'),
       (NULL, NULL, 'USA', 'Albuquerque', '87115', '201 Tramway Blvd NE'),
       (NULL, NULL, 'USA', 'Albuquerque', '87116', '2600 Central Ave SW'),
       (NULL, NULL, 'USA', 'Albuquerque', '87117', '10200 Golf Course Rd NW'),
       (NULL, NULL, 'USA', 'Santa Fe', '87501', '221 Shelby St'),
       (NULL, NULL, 'USA', 'Santa Fe', '87505', '1000 Cordova Pl'),
       (NULL, NULL, 'USA', 'Santa Fe', '87507', '2880 Cerrillos Rd'),
       (NULL, NULL, 'USA', 'Las Cruces', '88001', '3217 El Camino Real'),
       (NULL, NULL, 'USA', 'Las Cruces', '88005', '2405 S Valley Dr'),
       (NULL, NULL, 'USA', 'Roswell', '88201', '4501 N Main St'),
       (NULL, NULL, 'USA', 'Roswell', '88203', '2900 N Main St'),
       (NULL, NULL, 'USA', 'Farmington', '87401', '4900 E Main St'),
       (NULL, NULL, 'USA', 'Farmington', '87402', '1400 E 20th St'),
       (NULL, NULL, 'USA', 'Gallup', '87301', '1701 E Aztec Ave'),
       (NULL, NULL, 'USA', 'Gallup', '87305', '905 US-491'),
       (NULL, NULL, 'USA', 'Rio Rancho', '87124', '4100 Ridgecrest Dr SE'),
       (NULL, NULL, 'USA', 'Rio Rancho', '87144', '10700 Unser Blvd NW'),
       (NULL, NULL, 'USA', 'Los Lunas', '87031', '2250 Main St NE'),
       (NULL, NULL, 'USA', 'Los Lunas', '87042', '1634 Main St SW');

INSERT INTO zamestnanec (zamestnanec_id, adresa_id, mail, heslo, datum_narozeni, jmeno, prijmeni)
VALUES (1, 17, 'walter.white@example.com', '56b1db8133d9eb398aabd376f07bf8ab5fc584ea0b8bd6a1770200cb613ca005', '1959-09-07',
        'Walter', 'White'),                       -- kuchar a skladnik
       (2, 17, 'skyler.white@example.com', '56b1db8133d9eb398aabd376f07bf8ab5fc584ea0b8bd6a1770200cb613ca005', '1970-08-11',
        'Skyler', 'White'),                       -- vedouci
       (3, 18, 'jesse.pinkman@example.com', '56b1db8133d9eb398aabd376f07bf8ab5fc584ea0b8bd6a1770200cb613ca005',
        '1984-09-14', 'Jesse', 'Pinkman'),        -- kuchar a skladnik
       (4, 19, 'krazy-8@example.com', '56b1db8133d9eb398aabd376f07bf8ab5fc584ea0b8bd6a1770200cb613ca005', '1980-09-17',
        'Domingo', 'Molina'),                     -- dealer
       (5, 20, 'hank.schrader@example.com', '56b1db8133d9eb398aabd376f07bf8ab5fc584ea0b8bd6a1770200cb613ca005',
        '1969-03-15', 'Hank', 'Schrader'),        -- kuchar
       (6, 20, 'marie.schrader@example.com', '56b1db8133d9eb398aabd376f07bf8ab5fc584ea0b8bd6a1770200cb613ca005',
        '1968-09-17', 'Marie', 'Schrader'),       -- vedouci
       (7, 21, 'emilio.koyama@example.com', '56b1db8133d9eb398aabd376f07bf8ab5fc584ea0b8bd6a1770200cb613ca005',
        '1984-03-12', 'Emilio', 'Koyama'),        -- ridic
       (8, 22, 'saul.goodman@example.com', '56b1db8133d9eb398aabd376f07bf8ab5fc584ea0b8bd6a1770200cb613ca005', '1962-11-12',
        'Saul', 'Goodman'),                       -- vedouci
       (9, 23, 'mike.ehrmantraut@example.com', '56b1db8133d9eb398aabd376f07bf8ab5fc584ea0b8bd6a1770200cb613ca005',
        '1947-04-21', 'Mike', 'Ehrmantraut'),     -- vedouci
       (10, 24, 'gus.fring@example.com', '56b1db8133d9eb398aabd376f07bf8ab5fc584ea0b8bd6a1770200cb613ca005', '1957-11-12',
        'Gustavo', 'Fring'),                      -- sef
       (11, 25, 'lydia.quayle@example.com', '56b1db8133d9eb398aabd376f07bf8ab5fc584ea0b8bd6a1770200cb613ca005',
        '1970-05-22', 'Lydia', 'Rodarte-Quayle'), -- skladnik
       (12, 26, 'todd.alquist@example.com', '56b1db8133d9eb398aabd376f07bf8ab5fc584ea0b8bd6a1770200cb613ca005',
        '1984-02-13', 'Todd', 'Alquist'),         -- ridic
       (13, 27, 'skinny.pete@example.com', '56b1db8133d9eb398aabd376f07bf8ab5fc584ea0b8bd6a1770200cb613ca005', '1982-07-16',
        'Skinny', 'Pete'),                        -- dealer
       (14, 28, 'badger@example.com', '56b1db8133d9eb398aabd376f07bf8ab5fc584ea0b8bd6a1770200cb613ca005', '1983-12-25',
        'Badger', 'Mayhew'),                      -- dealer
       (15, 29, 'francesca.liddy@example.com', '56b1db8133d9eb398aabd376f07bf8ab5fc584ea0b8bd6a1770200cb613ca005',
        '1969-06-25', 'Francesca', 'Liddy'),      -- skladnik
       (16, 30, 'huell.babineaux@example.com', '56b1db8133d9eb398aabd376f07bf8ab5fc584ea0b8bd6a1770200cb613ca005',
        '1978-09-11', 'Huell', 'Babineaux'),      -- skladnik
       (17, 31, 'combo@example.com', '56b1db8133d9eb398aabd376f07bf8ab5fc584ea0b8bd6a1770200cb613ca005', '1984-10-07',
        'Combo', 'Ortega'),                       -- dealer
       (18, 32, 'bogdan.wolynetz@example.com', '56b1db8133d9eb398aabd376f07bf8ab5fc584ea0b8bd6a1770200cb613ca005',
        '1955-01-01', 'Bogdan', 'Wolynetz'),      -- skladnik a ridic
       (19, 33, 'ted.beneke@example.com', '56b1db8133d9eb398aabd376f07bf8ab5fc584ea0b8bd6a1770200cb613ca005', '1962-06-24',
        'Ted', 'Beneke'),                         -- ridic
       (20, 34, 'gale.boetticher@example.com', '56b1db8133d9eb398aabd376f07bf8ab5fc584ea0b8bd6a1770200cb613ca005',
        '1973-12-19', 'Gale', 'Boetticher'),      -- skladnik a ridic
       (21, 35, 'jane.margolis69@example.com', '56b1db8133d9eb398aabd376f07bf8ab5fc584ea0b8bd6a1770200cb613ca005',
        '1973-08-08', 'Jane', 'Margolis'),        -- dealer
       (22, 36, 'kim.wexler@example.com', '56b1db8133d9eb398aabd376f07bf8ab5fc584ea0b8bd6a1770200cb613ca005', '1973-10-13',
        'Kim', 'Wexler'),                         -- ridic
       (23, 37, 'howard.hamlin@example.com', '56b1db8133d9eb398aabd376f07bf8ab5fc584ea0b8bd6a1770200cb613ca005',
        '1969-06-04', 'Howard', 'Hamlin'),        -- ridic
       (24, 38, 'nacho.varga@example.com', '56b1db8133d9eb398aabd376f07bf8ab5fc584ea0b8bd6a1770200cb613ca005', '1982-07-17',
        'Nacho', 'Varga'),                        -- skladnik
       (25, 39, 'lalo.salamanca@example.com', '56b1db8133d9eb398aabd376f07bf8ab5fc584ea0b8bd6a1770200cb613ca005',
        '1975-04-15', 'Lalo', 'Salamanca'),       -- dealer
       (26, 40, 'vaclav.bily@example.com', '56b1db8133d9eb398aabd376f07bf8ab5fc584ea0b8bd6a1770200cb613ca005', '1959-09-07',
        'Vaclav', 'Bily'),                        -- kuchar
       (27, 41, 'walter.whitejr@example.com', '56b1db8133d9eb398aabd376f07bf8ab5fc584ea0b8bd6a1770200cb613ca005',
        '1959-09-07', 'Walter jr.', 'White'); -- kuchar
ALTER SEQUENCE zamestnanec_zamestnanec_id_seq RESTART WITH 28;
-- up to 47 now free addresses

INSERT INTO role (zamestnanec_id, od_datum, do_datum)
VALUES (1, '2000-01-01', NULL),
       (2, '2001-01-01', '2025-01-01'),
       (3, '2000-01-01', NULL),
       (4, '2006-08-05', '2030-08-05'),
       (5, '2020-02-03', '2021-01-05'),
       (6, '2020-02-03', '2021-01-02'),
       (7, '2007-05-07', '2015-06-04'),
       (7, '2017-08-09', NULL),
       (8, '2003-08-08', NULL),
       (9, '1999-02-02', NULL),
       (10, NULL, NULL),
       (11, '2025-01-01', '2026-01-01'),
       (12, '2010-06-06', NULL),
       (13, '2005-05-05', NULL),
       (14, '2011-01-01', '2011-01-02'),
       (15, '2009-02-04', '2025-05-06'),
       (16, '2009-02-04', '2025-05-06'),
       (17, '2009-02-04', '2022-05-06'),
       (18, '2009-02-04', '2025-05-06'),
       (19, '2009-02-04', '2025-05-06'),
       (20, '2009-02-04', '2025-05-06'),
       (21, '2009-02-04', '2020-05-06'),
       (22, '2009-02-04', '2025-05-06'),
       (23, '2009-02-04', '2018-05-06'),
       (24, '2009-02-04', '2025-05-06'),
       (25, '2017-04-04', '2030-05-06'),
       (26, '2003-01-01', '2022-05-05'),
       (27, '2022-05-06', NULL);

INSERT INTO pristupovaprava (pristupovaprava_id, nazev)
VALUES (1, 'skladnik'),
       (2, 'kuchar'),
       (3, 'ridic'),
       (4, 'dealer'),
       (5, 'vedouci'),
       (6, 'sef'),
       (7, 'Central warehouse'),
       (8, 'Los Pollos Hermanos - Albuquerque'),
       (9, 'Los Pollos Hermanos - Las Cruces'),
       (10, 'Los Pollos Hermanos - Santa Fe'),
       (11, 'Los Pollos Hermanos - Roswell'),
       (12, 'Los Pollos Hermanos - Farmington');
ALTER SEQUENCE pristupovaprava_pristupovaprava_id_seq RESTART WITH 13;

INSERT INTO skladnik (skladnik_id, certifikat)
VALUES (11, 'Operovani jesterky'),
       (15, 'Operovani jesterky'),
       (16, NULL),
       (18, NULL),
       (20, NULL),
       (1, NULL),
       (3, NULL);

INSERT INTO kuchar (kuchar_id, roky_praxe)
VALUES (1, 40),
       (3, 15),
       (5, 2),
       (26, 25),
       (27, 12);

INSERT INTO ridic (ridic_id, maxnaklad)
VALUES (7, 500000),
       (12, 950000),
       (19, 350500),
       (22, 750000),
       (23, 50000),
       (18, 250000),
       (20, 400000);

INSERT INTO dealer (dealer_id, pobocka_id, teritorium)
VALUES (4, 2, 'District poco loco'),
       (13, 2, NULL),
       (14, 3, 'Medellin cartel teritorium'),
       (17, 3, NULL),
       (21, 4, 'Santa fe'),
       (25, 5, 'Od nevidim do nevidim');

INSERT INTO role_pristupovaprava (role_id, pristupovaprava_id)
VALUES (11, 1),
       (11, 7),
       (15, 1),
       (15, 7),
       (16, 1),
       (16, 7),
       (18, 1),
       (18, 7),
       (20, 1),
       (20, 7),
       (18, 2),
       (20, 2),
       (1, 1),
       (1, 7),
       (3, 1),
       (3, 7),
       (5, 1),
       (5, 7),
       (26, 1),
       (26, 7),
       (27, 1),
       (27, 7),
       (1, 2),
       (3, 2),
       (5, 2),
       (26, 2),
       (27, 2),
       (7, 1),
       (12, 1),
       (19, 1),
       (22, 1),
       (23, 1),
       (7, 3),
       (12, 3),
       (19, 3),
       (22, 3),
       (23, 3),
       (4, 4),
       (4, 8),
       (13, 4),
       (13, 8),
       (14, 4),
       (14, 9),
       (17, 4),
       (17, 9),
       (21, 4),
       (21, 10),
       (25, 4),
       (25, 11),
       (10, 1),
       (10, 2),
       (10, 3),
       (10, 4),
       (10, 5),
       (10, 6),
       (10, 7),
       (10, 8),
       (10, 9),
       (10, 10),
       (10, 11),
       (10, 12),
       (2, 5),
       (2, 7),
       (2, 11),
       (6, 5),
       (6, 8),
       (6, 12),
       (8, 5),
       (8, 10),
       (9, 5),
       (9, 9),
       (2, 1),
       (6, 1),
       (8, 1),
       (9, 1),
       (2, 4),
       (6, 4),
       (8, 4),
       (9, 4),
       (8, 2),
       (9, 2);

INSERT INTO objednavka (objednavka_id, dodavatel_id, datum_objednani, datum_dodani, cena)
VALUES (1, 1, '2024-01-15', '2024-04-15', 254876.32),
       (2, 2, '2024-02-05', '2024-03-05', 375432.98),
       (3, 3, '2024-02-20', '2024-03-20', 498765.44),
       (4, 4, '2024-03-10', '2024-04-10', 123456.78),
       (5, 5, '2024-03-25', '2024-04-25', 789012.34),
       (6, 6, '2024-03-05', '2024-04-05', 987654.32),
       (7, 7, '2024-03-20', '2024-03-21', 123456.78),
       (8, 8, '2024-04-10', '2024-04-15', 543210.98),
       (9, 9, '2024-04-25', '2024-04-27', 876543.21),
       (10, 10, '2023-06-05', '2024-01-05', 234567.89),
       (11, 1, '2023-06-20', '2024-03-20', 456789.01),
       (12, 2, '2023-07-10', '2024-03-10', 678901.23),
       (13, 3, '2023-07-25', '2024-03-25', 789012.34),
       (14, 4, '2023-08-05', '2024-03-05', 123456.78),
       (15, 5, '2023-08-20', '2024-03-20', 987654.32),
       (16, 6, '2023-09-10', '2024-03-10', 234567.89),
       (17, 7, '2023-09-25', '2024-03-25', 543210.98),
       (18, 8, '2023-10-05', '2024-03-05', 876543.21),
       (19, 9, '2023-10-20', '2024-03-20', 456789.01),
       (20, 10, '2023-11-10', '2024-01-10', 678901.23),
       (21, 1, '2024-11-25', NULL, 789012.34),
       (22, 2, '2024-12-05', NULL, 123456.78),
       (23, 3, '2025-01-10', NULL, 987654.32),
       (24, 4, '2025-01-25', NULL, 234567.89),
       (25, 5, '2025-02-05', NULL, 543210.98),
       (26, 6, '2025-02-20', NULL, 876543.21),
       (27, 7, '2025-03-10', NULL, 456789.01),
       (28, 8, '2025-03-25', NULL, 678901.23),
       (29, 9, '2025-04-05', NULL, 789012.34),
       (30, 10, '2025-04-20', NULL, 123456.78);
ALTER SEQUENCE objednavka_objednavka_id_seq RESTART WITH 31;

INSERT INTO objednavka_skladnik (objednavka_id, skladnik_id)
VALUES (1, 1),
       (2, 3),
       (3, 11),
       (4, 15),
       (5, 16),
       (6, 18),
       (7, 20),
       (8, 1),
       (9, 3),
       (10, 11),
       (11, 15),
       (12, 16),
       (13, 18),
       (14, 20),
       (15, 1),
       (16, 3),
       (17, 11),
       (18, 15),
       (19, 16),
       (20, 18);

INSERT INTO surovina (surovina_id, nazev, mnozstvi)
VALUES (1, 'Phenylpropanolamine', 800000),
       (2, 'Pseudoephedrine', 55000),
       (3, 'Acetone', 35000),
       (4, 'Freon', 780500),
       (5, 'Anhydrous ammonia', 500000),
       (6, 'Hypophosphorous acid', 15000),
       (7, 'Lithium metal', 650100),
       (8, 'Hydriodic acid', 988700),
       (9, 'Red phosphorus', 790450),
       (10, 'Iodine crystals', 530250),
       (11, 'Toluene', 320000),
       (12, 'Benzene', 98500),
       (13, 'Methylsulfonylmethane', 680750),
       (14, 'Amphetamines', 485600),
       (15, 'Phosphorous', 78600),
       (16, 'chloroform', 985620),
       (17, 'Iodine crystals', 540200),
       (18, 'Methylamine', 684000),
       (19, 'Thionyl Chloride', 87500),
       (20, 'Acetic Acid', 453210);
ALTER SEQUENCE surovina_surovina_id_seq RESTART WITH 21;

INSERT INTO objednavka_surovina (objednavka_id, surovina_id, mnozstvi)
VALUES (1, 1, 254678.32),
       (1, 3, 367890.78),
       (1, 7, 189765.44),
       (1, 10, 423456.78),
       (1, 14, 297012.34),
       (2, 2, 475432.98),
       (2, 5, 289012.34),
       (2, 8, 124567.89),
       (2, 12, 398765.44),
       (3, 4, 123456.78),
       (3, 6, 543210.98),
       (3, 9, 776543.21),
       (3, 15, 332456.89),
       (4, 11, 234567.89),
       (4, 13, 789012.34),
       (4, 16, 456789.01),
       (5, 17, 678901.23),
       (5, 18, 876543.21),
       (5, 20, 213456.78),
       (6, 2, 789012.34),
       (6, 4, 123456.78),
       (6, 8, 456789.01),
       (6, 12, 234567.89),
       (6, 16, 543210.98),
       (7, 1, 765432.10),
       (7, 3, 498765.44),
       (7, 5, 287654.32),
       (7, 7, 189012.34),
       (8, 10, 654321.09),
       (8, 14, 897654.32),
       (8, 18, 123456.78),
       (9, 13, 678901.23),
       (9, 17, 987654.32),
       (9, 19, 234567.89),
       (10, 20, 543210.98),
       (11, 1, 987654.32),
       (11, 2, 234567.89),
       (11, 5, 456789.01),
       (11, 9, 678901.23),
       (11, 13, 789012.34),
       (11, 16, 123456.78),
       (12, 3, 876543.21),
       (12, 6, 456789.01),
       (12, 8, 654321.09),
       (12, 11, 789012.34),
       (13, 14, 987654.32),
       (13, 17, 234567.89),
       (13, 19, 678901.23),
       (14, 2, 543210.98),
       (14, 5, 123456.78),
       (14, 9, 987654.32),
       (15, 13, 456789.01),
       (15, 15, 789012.34),
       (15, 18, 234567.89),
       (16, 1, 543210.98),
       (16, 4, 234567.89),
       (16, 7, 789012.34),
       (16, 11, 456789.01),
       (17, 14, 876543.21),
       (17, 16, 234567.89),
       (17, 20, 789012.34),
       (18, 3, 543210.98),
       (18, 5, 234567.89),
       (18, 9, 876543.21),
       (19, 12, 987654.32),
       (19, 15, 234567.89),
       (19, 18, 543210.98),
       (20, 1, 456789.01),
       (20, 4, 987654.32),
       (20, 7, 234567.89),
       (20, 11, 543210.98),
       (21, 8, 123456.78),
       (21, 10, 789012.34),
       (21, 13, 234567.89),
       (21, 16, 456789.01),
       (22, 2, 543210.98),
       (22, 5, 123456.78),
       (22, 9, 987654.32),
       (23, 1, 456789.01),
       (23, 4, 987654.32),
       (23, 7, 234567.89),
       (23, 11, 543210.98),
       (24, 8, 123456.78),
       (24, 10, 789012.34),
       (24, 13, 234567.89),
       (24, 16, 456789.01),
       (25, 2, 543210.98),
       (25, 5, 123456.78),
       (25, 9, 987654.32),
       (26, 1, 456789.01),
       (26, 4, 987654.32),
       (26, 7, 234567.89),
       (26, 11, 543210.98),
       (27, 8, 123456.78),
       (27, 10, 789012.34),
       (27, 13, 234567.89),
       (27, 16, 456789.01),
       (28, 2, 543210.98),
       (28, 5, 123456.78),
       (28, 9, 987654.32),
       (29, 1, 456789.01),
       (29, 4, 987654.32),
       (29, 7, 234567.89),
       (29, 11, 543210.98),
       (30, 8, 123456.78),
       (30, 10, 789012.34),
       (30, 13, 234567.89),
       (30, 16, 456789.01);

INSERT INTO vareni (datum)
VALUES ('2022-01-15'),
       ('2022-02-23'),
       ('2022-03-10'),
       ('2022-02-05'),
       ('2022-03-12'),
       ('2022-04-18'),
       ('2022-05-25'),
       ('2022-05-02'),
       ('2022-05-24'),
       ('2022-05-31'),
       ('2022-04-15'),
       ('2022-06-23'),
       ('2022-07-10'),
       ('2022-08-05'),
       ('2022-09-12'),
       ('2022-10-18'),
       ('2022-11-25'),
       ('2022-12-02'),
       ('2022-12-24'),
       ('2022-12-31'),
       ('2023-04-15'),
       ('2023-06-23'),
       ('2023-07-10'),
       ('2023-08-05'),
       ('2023-09-12'),
       ('2023-10-18'),
       ('2023-11-25'),
       ('2023-12-02'),
       ('2023-12-24'),
       ('2023-12-31');

INSERT INTO surovina_vareni (vareni_id, surovina_id, mnozstvi)
VALUES (1, 5, 25000),
       (1, 3, 180000),
       (1, 1, 90000),
       (1, 4, 120000),
       (1, 2, 25000),
       (2, 9, 150000),
       (2, 6, 220000),
       (2, 10, 70000),
       (2, 8, 180000),
       (2, 7, 80000),
       (3, 14, 130000),
       (3, 15, 190000),
       (3, 11, 240000),
       (3, 12, 150000),
       (3, 13, 60000),
       (4, 17, 300000),
       (4, 18, 280000),
       (4, 20, 10000),
       (4, 19, 150000),
       (4, 16, 200000),
       (5, 2, 120000),
       (5, 5, 100000),
       (5, 1, 150000),
       (5, 3, 25000),
       (5, 4, 200000),
       (6, 6, 180000),
       (6, 8, 220000),
       (6, 9, 70000),
       (6, 10, 180000),
       (6, 7, 80000),
       (7, 13, 25000),
       (7, 11, 180000),
       (7, 15, 90000),
       (7, 14, 120000),
       (7, 12, 25000),
       (8, 19, 150000),
       (8, 17, 220000),
       (8, 16, 70000),
       (8, 20, 180000),
       (8, 18, 80000),
       (9, 9, 130000),
       (9, 8, 190000),
       (9, 10, 240000),
       (9, 7, 150000),
       (9, 6, 60000),
       (10, 5, 300000),
       (10, 3, 280000),
       (10, 1, 10000),
       (10, 4, 150000),
       (10, 2, 200000),
       (11, 10, 120000),
       (11, 12, 100000),
       (11, 14, 150000),
       (11, 13, 25000),
       (11, 11, 200000),
       (12, 17, 180000),
       (12, 20, 220000),
       (12, 18, 70000),
       (12, 16, 180000),
       (12, 19, 80000),
       (13, 7, 25000),
       (13, 6, 180000),
       (13, 8, 90000),
       (13, 9, 120000),
       (13, 10, 25000),
       (14, 15, 150000),
       (14, 13, 220000),
       (14, 12, 70000),
       (14, 11, 180000),
       (14, 14, 80000),
       (15, 18, 130000),
       (15, 16, 190000),
       (15, 19, 240000),
       (15, 17, 150000),
       (15, 20, 60000),
       (16, 2, 300000),
       (16, 1, 280000),
       (16, 4, 10000),
       (16, 5, 150000),
       (16, 3, 200000),
       (17, 10, 120000),
       (17, 9, 100000),
       (17, 11, 150000),
       (17, 12, 25000),
       (17, 13, 200000),
       (18, 7, 180000),
       (18, 8, 220000),
       (18, 6, 70000),
       (18, 10, 180000),
       (18, 9, 80000),
       (19, 14, 25000),
       (19, 15, 180000),
       (19, 11, 90000),
       (19, 13, 120000),
       (19, 12, 25000),
       (20, 16, 150000),
       (20, 19, 220000),
       (20, 17, 70000),
       (20, 20, 180000),
       (20, 18, 80000),
       (21, 8, 130000),
       (21, 10, 190000),
       (21, 7, 240000),
       (21, 9, 150000),
       (21, 6, 60000),
       (22, 5, 300000),
       (22, 1, 280000),
       (22, 4, 10000),
       (22, 2, 150000),
       (22, 3, 200000),
       (23, 2, 40000),
       (23, 4, 60000),
       (23, 5, 80000),
       (23, 1, 70000),
       (23, 3, 100000),
       (24, 6, 80000),
       (24, 7, 50000),
       (24, 9, 60000),
       (24, 8, 90000),
       (24, 10, 80000),
       (25, 11, 40000),
       (25, 12, 50000),
       (25, 13, 80000),
       (25, 14, 90000),
       (25, 15, 60000),
       (26, 16, 80000),
       (26, 17, 50000),
       (26, 18, 60000),
       (26, 19, 70000),
       (26, 20, 80000),
       (27, 1, 40000),
       (27, 3, 50000),
       (27, 2, 80000),
       (27, 5, 70000),
       (27, 4, 60000),
       (28, 6, 80000),
       (28, 8, 50000),
       (28, 7, 60000),
       (28, 9, 70000),
       (28, 10, 40000),
       (29, 11, 80000),
       (29, 13, 50000),
       (29, 12, 60000),
       (29, 15, 70000),
       (29, 14, 40000),
       (30, 16, 40000),
       (30, 17, 50000),
       (30, 18, 80000),
       (30, 19, 70000),
       (30, 20, 60000);

INSERT INTO vareni_skladnik (vareni_id, skladnik_id)
VALUES (1, 3),
       (1, 11),
       (2, 11),
       (2, 16),
       (2, 18),
       (3, 3),
       (3, 11),
       (3, 16),
       (4, 18),
       (5, 3),
       (6, 11),
       (6, 18),
       (7, 16),
       (7, 20),
       (8, 18),
       (9, 3),
       (10, 11),
       (11, 16),
       (12, 18),
       (13, 3),
       (13, 11),
       (14, 16),
       (14, 18),
       (15, 3),
       (15, 20),
       (16, 11),
       (17, 18),
       (18, 3),
       (19, 11),
       (19, 16),
       (20, 18),
       (21, 3),
       (22, 11),
       (23, 16),
       (24, 18),
       (25, 3),
       (26, 11),
       (27, 16),
       (28, 18),
       (29, 3),
       (30, 11);

INSERT INTO vareni_kuchar (vareni_id, kuchar_id)
VALUES (1, 1),
       (1, 3),
       (2, 1),
       (2, 3),
       (3, 1),
       (3, 3),
       (4, 1),
       (4, 3),
       (5, 1),
       (5, 3),
       (6, 1),
       (6, 3),
       (7, 1),
       (7, 3),
       (8, 1),
       (8, 3),
       (9, 1),
       (9, 3),
       (10, 1),
       (10, 3),
       (11, 1),
       (11, 3),
       (12, 1),
       (12, 3),
       (13, 1),
       (13, 3),
       (14, 1),
       (14, 3),
       (15, 1),
       (15, 3),
       (16, 1),
       (16, 3),
       (17, 1),
       (17, 3),
       (18, 1),
       (18, 3),
       (19, 1),
       (19, 3),
       (20, 1),
       (20, 3),
       (21, 27),
       (21, 1),
       (21, 3),
       (22, 5),
       (23, 3),
       (24, 27),
       (25, 26),
       (25, 5),
       (26, 5),
       (27, 1),
       (28, 3),
       (29, 27),
       (30, 5);

INSERT INTO prodej (prodej_id, dealer_id, ztraceno, datum)
VALUES (1, 4, 0, '2024-04-04'),
       (2, 4, 15200, '2024-04-05'),
       (3, 13, 770000, '2024-04-06'),
       (4, 21, 52000, '2024-04-07'),
       (5, 25, 0, '2024-04-08');
ALTER SEQUENCE prodej_prodej_id_seq RESTART WITH 6;

INSERT INTO produkt (produkt_id, cena, nazev, procentocistotymin, procentocistotymax)
VALUES (1, 0, 'Thrown out', 0, 50),
       (2, 500, 'Filthy methcrap', 50, 60),
       (3, 850, 'Cutted meth', 60, 70),
       (4, 1000, 'Meth el clasico', 70, 80),
       (5, 1250, 'Sweet and sour meth', 80, 90),
       (6, 1500, 'Meth deluxe', 90, 95),
       (7, 2500, 'Crystal blue meth', 95, 100);

INSERT INTO restauraceprodukty (nazev, cena)
VALUES ('Chicken Tenders', 120),
       ('Chicken Sandwich', 150),
       ('Chicken Wings', 200),
       ('Chicken Salad', 180),
       ('Chicken Burrito', 220),
       ('Chicken Nachos', 190),
       ('Chicken Wrap', 160),
       ('Chicken Soup', 140),
       ('Chicken Caesar Salad', 210),
       ('Chicken Taco', 130),
       ('Chicken Quesadilla', 170),
       ('Chicken Bowl', 240),
       ('Chicken Burger', 200),
       ('Chicken Fries', 110),
       ('Grilled Chicken Salad', 190),
       ('BBQ Chicken Sandwich', 230),
       ('Spicy Chicken Wrap', 170),
       ('Honey Mustard Chicken', 210),
       ('Crispy Chicken Salad', 200),
       ('Lemon Herb Chicken', 240);

INSERT INTO pobocka_restaurace (pobocka_id, restauraceprodukty_id, mnozstvi)
VALUES (2, 1, 850),
       (2, 2, 1200),
       (2, 3, 950),
       (2, 4, 1600),
       (2, 5, 2000),
       (2, 6, 2200),
       (2, 7, 1500),
       (2, 8, 1800),
       (2, 9, 1000),
       (2, 10, 1300),
       (2, 11, 2000),
       (2, 12, 2100),
       (2, 13, 1900),
       (2, 14, 1400),
       (2, 15, 2300),
       (2, 16, 2400),
       (2, 17, 1700),
       (2, 18, 2200),
       (2, 19, 1800),
       (2, 20, 2100),
       (3, 1, 750),
       (3, 2, 1100),
       (3, 3, 850),
       (3, 4, 1400),
       (3, 5, 1800),
       (3, 6, 2000),
       (3, 7, 1300),
       (3, 8, 1600),
       (3, 9, 900),
       (3, 10, 1200),
       (3, 11, 1900),
       (3, 12, 2000),
       (3, 13, 1800),
       (3, 14, 1300),
       (3, 15, 2200),
       (3, 16, 2300),
       (3, 17, 1600),
       (3, 18, 2100),
       (3, 19, 1700),
       (3, 20, 2000),
       (4, 1, 800),
       (4, 2, 1150),
       (4, 3, 900),
       (4, 4, 1450),
       (4, 5, 1850),
       (4, 6, 2050),
       (4, 7, 1350),
       (4, 8, 1650),
       (4, 9, 950),
       (4, 10, 1250),
       (4, 11, 1950),
       (4, 12, 2050),
       (4, 13, 1850),
       (4, 14, 1350),
       (4, 15, 2250),
       (4, 16, 2350),
       (4, 17, 1650),
       (4, 18, 2150),
       (4, 19, 1750),
       (4, 20, 2050),
       (5, 1, 825),
       (5, 2, 1175),
       (5, 3, 925),
       (5, 4, 1475),
       (5, 5, 1875),
       (5, 6, 2075),
       (5, 7, 1375),
       (5, 8, 1675),
       (5, 9, 975),
       (5, 10, 1275),
       (5, 11, 1975),
       (5, 12, 2075),
       (5, 13, 1875),
       (5, 14, 1375),
       (5, 15, 2275),
       (5, 16, 2375),
       (5, 17, 1675),
       (5, 18, 2175),
       (5, 19, 1775),
       (5, 20, 2075),
       (6, 1, 850),
       (6, 2, 1200),
       (6, 3, 950),
       (6, 4, 1600),
       (6, 5, 2000),
       (6, 6, 2200),
       (6, 7, 1500),
       (6, 8, 1800),
       (6, 9, 1000),
       (6, 10, 1300),
       (6, 11, 2000),
       (6, 12, 2100),
       (6, 13, 1900),
       (6, 14, 1400),
       (6, 15, 2300),
       (6, 16, 2400),
       (6, 17, 1700),
       (6, 18, 2200),
       (6, 19, 1800),
       (6, 20, 2100);


INSERT INTO odvoz (odvoz_id, pobocka_id, ridic_id, stav, datum_objednani, datum_prevzeti, datum_dovezeni)
VALUES (1, 2, 7, 'dovezeno', '2024-01-05', '2024-01-15', '2024-03-05'),
       (2, 2, 12, 'dovezeno', '2024-01-25', '2024-02-25', '2024-03-25'),
       (3, 2, 19, 'dovezeno', '2024-01-15', '2024-01-25', '2024-02-10'),
       (4, 2, 22, 'dovezeno', '2024-02-01', '2024-02-11', '2024-03-01'),
       (5, 2, 19, 'dovezeno', '2024-02-05', '2024-02-15', '2024-03-05'),
       (6, 2, 23, 'dovezeno', '2024-02-17', '2024-02-27', '2024-03-17'),
       (7, 3, 18, 'dovezeno', '2024-02-12', '2024-02-22', '2024-03-12'),
       (8, 3, 20, 'dovezeno', '2024-03-05', '2024-03-15', '2024-03-25'),
       (9, 4, 7, 'dovezeno', '2024-03-08', '2024-03-18', '2024-03-28'),
       (10, 4, 7, 'dovezeno', '2023-09-09', '2023-09-19', '2023-09-29'),
       (11, 5, 12, 'dovezeno', '2023-11-05', '2023-11-15', '2023-11-25'),
       (12, 5, 19, 'dovezeno', '2023-11-24', '2023-12-24', '2023-12-24'),
       (13, 2, 22, 'dovezeno', '2023-09-01', '2023-09-11', '2023-11-01'),
       (14, 3, 7, 'dovezeno', '2023-06-06', '2023-06-16', '2023-9-06'),
       (15, 4, 22, 'dovezeno', '2023-12-24', '2023-12-25', '2024-03-24'),
       (16, 2, 23, 'na ceste', '2024-04-06', '2024-04-15', NULL),
       (17, 2, 18, 'na ceste', '2024-04-07', '2024-04-17', NULL),
       (18, 2, NULL, 'zrusen', '2023-05-08', NULL, NULL),
       (19, 2, NULL, 'zrusen', '2021-06-07', NULL, NULL),
       (20, 2, NULL, 'objednan', '2024-04-03', NULL, NULL),
       (21, 2, NULL, 'objednan', '2024-04-02', NULL, NULL);
ALTER SEQUENCE odvoz_odvoz_id_seq RESTART WITH 22;

INSERT INTO restaurace_odvoz (odvoz_id, restauraceprodukty_id, mnozstvi)
VALUES (1, 1, 950),
       (1, 3, 1400),
       (1, 5, 1000),
       (1, 7, 850),
       (1, 9, 1200),
       (1, 11, 1600),
       (1, 13, 1100),
       (1, 15, 1800),
       (1, 17, 1900),
       (1, 19, 1350),
       (2, 2, 1000),
       (2, 4, 1200),
       (2, 6, 850),
       (2, 8, 1100),
       (2, 10, 1400),
       (2, 12, 1600),
       (2, 14, 950),
       (2, 16, 1800),
       (2, 18, 1300),
       (2, 20, 1700),
       (3, 3, 1100),
       (3, 5, 1300),
       (3, 7, 900),
       (3, 9, 1150),
       (3, 11, 1450),
       (3, 13, 1550),
       (3, 15, 950),
       (3, 17, 1750),
       (3, 19, 1200),
       (3, 1, 1600),
       (4, 4, 1200),
       (4, 6, 1400),
       (4, 8, 950),
       (4, 10, 1150),
       (4, 12, 1450),
       (4, 14, 1550),
       (4, 16, 950),
       (4, 18, 1750),
       (4, 20, 1200),
       (4, 2, 1600),
       (5, 5, 1300),
       (5, 7, 1500),
       (5, 9, 1000),
       (5, 11, 1250),
       (5, 13, 1650),
       (5, 15, 1750),
       (5, 17, 1050),
       (5, 19, 1850),
       (5, 1, 1100),
       (5, 3, 1550),
       (6, 6, 1400),
       (6, 8, 1600),
       (6, 10, 1100),
       (6, 12, 1350),
       (6, 14, 1750),
       (6, 16, 1850),
       (6, 18, 1150),
       (6, 20, 1950),
       (6, 2, 1200),
       (6, 4, 1650),
       (7, 7, 1500),
       (7, 9, 1700),
       (7, 11, 1150),
       (7, 13, 1450),
       (7, 15, 1850),
       (7, 17, 1950),
       (7, 19, 1250),
       (7, 1, 2050),
       (7, 3, 1300),
       (7, 5, 1750),
       (8, 8, 1600),
       (8, 10, 1800),
       (8, 12, 1250),
       (8, 14, 1550),
       (8, 16, 1950),
       (8, 18, 2050),
       (8, 20, 1350),
       (8, 2, 2150),
       (8, 4, 1400),
       (8, 6, 1850),
       (9, 9, 1700),
       (9, 11, 1900),
       (9, 13, 1350),
       (9, 15, 1650),
       (9, 17, 2050),
       (9, 19, 2150),
       (9, 1, 1450),
       (9, 3, 2250),
       (9, 5, 1500),
       (9, 7, 1950),
       (10, 10, 1800),
       (10, 12, 2000),
       (10, 14, 1450),
       (10, 16, 1750),
       (10, 18, 2150),
       (10, 20, 2250),
       (10, 2, 1550),
       (10, 4, 2350),
       (10, 6, 1600),
       (10, 8, 2050),
       (11, 11, 1900),
       (11, 13, 2100),
       (11, 15, 1550),
       (11, 17, 1850),
       (11, 19, 2250),
       (11, 1, 2350),
       (11, 3, 1650),
       (11, 5, 2450),
       (11, 7, 1700),
       (11, 9, 2150),
       (12, 12, 2000),
       (12, 14, 2200),
       (12, 16, 1650),
       (12, 18, 1950),
       (12, 20, 2350),
       (12, 2, 2450),
       (12, 4, 1750),
       (12, 6, 2550),
       (12, 8, 1800),
       (12, 10, 2250),
       (13, 13, 2100),
       (13, 15, 2300),
       (13, 17, 1750),
       (13, 19, 2050),
       (13, 1, 2450),
       (13, 3, 2550),
       (13, 5, 1850),
       (13, 7, 2650),
       (13, 9, 1900),
       (13, 11, 2350),
       (14, 14, 2200),
       (14, 16, 2400),
       (14, 18, 1850),
       (14, 20, 2150),
       (14, 2, 2550),
       (14, 4, 2650),
       (14, 6, 1950),
       (14, 8, 2750),
       (14, 10, 2000),
       (14, 12, 2450),
       (15, 15, 2300),
       (15, 17, 2500),
       (15, 19, 1950),
       (15, 1, 2250),
       (15, 3, 2650),
       (15, 5, 2050),
       (15, 7, 2750),
       (15, 9, 2100),
       (15, 11, 2550),
       (15, 13, 2400),
       (16, 16, 2400),
       (16, 18, 2600),
       (16, 20, 2050),
       (16, 2, 2350),
       (16, 4, 2750),
       (16, 6, 2150),
       (16, 8, 2850),
       (16, 10, 2200),
       (16, 12, 2650),
       (16, 14, 2500),
       (17, 17, 2500),
       (17, 19, 2700),
       (17, 1, 2150),
       (17, 3, 2450),
       (17, 5, 2850),
       (17, 7, 2250),
       (17, 9, 2950),
       (17, 11, 2300),
       (17, 13, 2750),
       (17, 15, 2600),
       (18, 18, 2600),
       (18, 20, 2100),
       (18, 2, 2400),
       (18, 4, 2800),
       (18, 6, 2200),
       (18, 8, 2900),
       (18, 10, 2250),
       (18, 12, 2700),
       (18, 14, 2550),
       (18, 16, 2450),
       (19, 19, 2700),
       (19, 1, 2200),
       (19, 3, 2500),
       (19, 5, 2900),
       (19, 7, 2300),
       (19, 9, 3000),
       (19, 11, 2350),
       (19, 13, 2800),
       (19, 15, 2650),
       (19, 17, 2550),
       (20, 20, 2800),
       (20, 2, 2300),
       (20, 4, 2600),
       (20, 6, 3000),
       (20, 8, 2400),
       (20, 10, 3100),
       (20, 12, 2450),
       (20, 14, 2900),
       (20, 16, 2750),
       (20, 18, 2650),
       (21, 1, 3000),
       (21, 3, 2800),
       (21, 5, 3200),
       (21, 7, 2600),
       (21, 9, 3300),
       (21, 11, 2650),
       (21, 13, 3100),
       (21, 15, 2950),
       (21, 17, 2850),
       (21, 19, 2750);

INSERT INTO skladnik_odvoz (skladnik_id, odvoz_id)
VALUES (1, 1),
       (3, 2),
       (11, 3),
       (15, 4),
       (16, 5),
       (18, 6),
       (20, 7),
       (1, 8),
       (3, 9),
       (11, 10),
       (15, 11),
       (16, 12),
       (18, 13),
       (20, 14),
       (1, 15),
       (3, 16),
       (11, 17);

INSERT INTO produkt_odvoz (odvoz_id, produkt_id, pocetvarek)
VALUES (1, 2, 2),
       (2, 7, 1),
       (3, 5, 1),
       (4, 4, 1),
       (5, 3, 1),
       (6, 4, 1),
       (7, 6, 1),
       (8, 3, 1),
       (9, 3, 1),
       (10, 6, 1),
       (11, 7, 1),
       (12, 7, 1),
       (13, 5, 1),
       (14, 5, 1),
       (15, 5, 1),
       (16, 2, 1),
       (17, 2, 1),
       (18, 3, 1),
       (18, 5, 2),
       (19, 4, 3),
       (19, 2, 1),
       (20, 4, 1),
       (21, 4, 1);

INSERT INTO varka (varka_id, odvoz_id, pobocka_id, prodej_id, produkt_id, kvalita, mnozstvi_uvareno, stav)
VALUES (1, 1, 2, NULL, 2, 55, 440000, 'na pobocce'), -- 10 na sklade, 15 na pobocce + z nich 5 prodanoo, 5 odvoz
       (2, 2, 2, 1, 7, 97, 700000, 'prodano'),
       (3, 3, 2, 2, 5, 86, 770000, 'prodano'),
       (4, 4, 2, 3, 4, 74, 940000, 'prodano'),
       (5, 5, 2, NULL, 3, 61, 595000, 'na pobocce'),
       (6, 6, 2, NULL, 4, 73, 730000, 'na pobocce'),
       (7, 7, 3, NULL, 6, 92, 440000, 'na pobocce'),
       (8, 8, 3, NULL, 3, 64, 700000, 'na pobocce'),
       (9, 9, 4, 4, 3, 68, 770000, 'prodano'),
       (10, 10, 4, NULL, 6, 91, 940000, 'na pobocce'),
       (11, 11, 5, 5, 7, 98, 595000, 'prodano'),
       (12, 12, 5, NULL, 7, 99, 730000, 'na pobocce'),
       (13, 13, 2, NULL, 5, 83, 440000, 'na pobocce'),
       (14, 14, 3, NULL, 5, 88, 700000, 'na pobocce'),
       (15, 15, 4, NULL, 5, 84, 770000, 'na pobocce'),
       (16, 16, 2, NULL, 2, 59, 940000, 'predano'),
       (17, 17, 2, NULL, 2, 52, 595000, 'predano'),
       (18, NULL, 1, NULL, 4, 71, 730000, 'na sklade'),
       (19, NULL, 1, NULL, 4, 72, 440000, 'na sklade'),
       (20, 20, 2, NULL, 4, 73, 700000, 'objednano'),
       (21, 21, 2, NULL, 4, 74, 770000, 'objednano'),
       (22, NULL, 1, NULL, 1, 45, 940000, 'vyhozeno'),
       (23, NULL, 1, NULL, 1, 28, 300000, 'vyhozeno'),
       (24, 1, 2, NULL, 2, 55, 440000, 'na pobocce'),
       (25, NULL, 1, NULL, 3, 66, 330000, 'na sklade'),
       (26, NULL, 1, NULL, 4, 77, 340000, 'na sklade'),
       (27, NULL, 1, NULL, 5, 88, 300000, 'na sklade'),
       (28, NULL, 1, NULL, 6, 92, 330000, 'na sklade'),
       (29, NULL, 1, NULL, 7, 99, 330000, 'na sklade'),
       (30, NULL, 1, NULL, 4, 71, 300000, 'na sklade');